{
  "tools": {
    "axe": {
      "name": "Axe",
      "icon": "minecraft:diamond_axe",
      "toollist": [
        "BiomesOPlenty:axeAmethyst",
        "BiomesOPlenty:axeMud",
        "IC2:itemToolBronzeAxe",
        "IC2:itemToolChainsaw",
        "TConstruct:hatchet",
        "appliedenergistics2:item.ToolCertusQuartzAxe",
        "appliedenergistics2:item.ToolNetherQuartzAxe",
        "minecraft:diamond_axe",
        "minecraft:golden_axe",
        "minecraft:iron_axe",
        "minecraft:stone_axe",
        "minecraft:wooden_axe"
      ],
      "blocklist": [
        "BiomesOPlenty:appleLeaves",
        "BiomesOPlenty:colorizedLeaves1",
        "BiomesOPlenty:colorizedLeaves2",
        "BiomesOPlenty:leaves1",
        "BiomesOPlenty:leaves2",
        "BiomesOPlenty:leaves3",
        "BiomesOPlenty:leaves4",
        "BiomesOPlenty:logs1",
        "BiomesOPlenty:logs2",
        "BiomesOPlenty:logs3",
        "BiomesOPlenty:logs4",
        "BiomesOPlenty:persimmonLeaves",
        "IC2:blockRubLeaves",
        "Thaumcraft:blockMagicalLog",
        "Thaumcraft:blockMagicalLog/0",
        "Thaumcraft:blockMagicalLog/1",
        "TwilightForest:tile.TFLeaves",
        "TwilightForest:tile.TFLog",
        "TwilightForest:tile.TFMagicLeaves",
        "TwilightForest:tile.TFMagicLog",
        "erebus:leavesAsper/0",
        "erebus:leavesBaobab/0",
        "erebus:leavesCypress/0",
        "erebus:leavesEucalyptus/0",
        "erebus:leavesMahogany/0",
        "erebus:leavesMarshwood/0",
        "erebus:leavesMossbark/0",
        "erebus:leavesSap/0",
        "erebus:logAsper/0",
        "erebus:logBaobab/0",
        "erebus:logCypress/0",
        "erebus:logEucalyptus/0",
        "erebus:logMahogany/0",
        "erebus:logMarshwood/0",
        "erebus:logMossbark/0",
        "erebus:logRotten/0",
        "erebus:logSap/0",
        "erebus:log_scorched/0",
        "erebus:saplessLog/0",
        "minecraft:fence",
        "minecraft:leaves",
        "minecraft:leaves2",
        "minecraft:log",
        "minecraft:log2"
      ]
    },
    "hoe": {
      "name": "Hoe",
      "icon": "minecraft:diamond_hoe",
      "toollist": [
        "BiomesOPlenty:hoeAmethyst",
        "BiomesOPlenty:hoeMud",
        "IC2:itemToolBronzeHoe",
        "TConstruct:mattock",
        "appliedenergistics2:item.ToolCertusQuartzHoe",
        "appliedenergistics2:item.ToolNetherQuartzHoe",
        "minecraft:diamond_hoe",
        "minecraft:golden_hoe",
        "minecraft:iron_hoe",
        "minecraft:stone_hoe",
        "minecraft:wooden_hoe"
      ],
      "blocklist": [
        "minecraft:carrots",
        "minecraft:melon_block",
        "minecraft:potatoes",
        "minecraft:pumpkin",
        "minecraft:wheat"
      ]
    },
    "pickaxe": {
      "name": "Pickaxe",
      "icon": "minecraft:diamond_pickaxe",
      "toollist": [
        "BiomesOPlenty:pickaxeAmethyst",
        "BiomesOPlenty:pickaxeMud",
        "IC2:itemToolBronzePickaxe",
        "IC2:itemToolDDrill",
        "IC2:itemToolDrill",
        "IC2:itemToolIridiumDrill",
        "TConstruct:pickaxe",
        "appliedenergistics2:item.ToolCertusQuartzPickaxe",
        "appliedenergistics2:item.ToolNetherQuartzPickaxe",
        "minecraft:diamond_pickaxe",
        "minecraft:golden_pickaxe",
        "minecraft:iron_pickaxe",
        "minecraft:stone_pickaxe",
        "minecraft:wooden_pickaxe"
      ],
      "blocklist": [
        "BigReactors:YelloriteOre/0",
        "BiomesOPlenty:gemOre/2",
        "BiomesOPlenty:gemOre/4",
        "BiomesOPlenty:gemOre/6",
        "BiomesOPlenty:gemOre/8",
        "BiomesOPlenty:gemOre/10",
        "BiomesOPlenty:gemOre/12",
        "BiomesOPlenty:gemOre/14",
        "DraconicEvolution:draconiumOre/0",
        "ExtraPlanets:iapetus/3",
        "ExtraPlanets:iapetus/4",
        "ExtraPlanets:iapetus/5",
        "ExtraPlanets:oberon/3",
        "ExtraPlanets:oberon/4",
        "ExtraPlanets:oberon/5",
        "ExtraPlanets:tile.callisto/3",
        "ExtraPlanets:tile.callisto/4",
        "ExtraPlanets:tile.callisto/5",
        "ExtraPlanets:tile.ceres/3",
        "ExtraPlanets:tile.ceres/4",
        "ExtraPlanets:tile.ceres/5",
        "ExtraPlanets:tile.ceres/6",
        "ExtraPlanets:tile.deimos/3",
        "ExtraPlanets:tile.deimos/4",
        "ExtraPlanets:tile.deimos/5",
        "ExtraPlanets:tile.deimos/6",
        "ExtraPlanets:tile.eris/3",
        "ExtraPlanets:tile.eris/4",
        "ExtraPlanets:tile.eris/5",
        "ExtraPlanets:tile.europa/3",
        "ExtraPlanets:tile.europa/4",
        "ExtraPlanets:tile.europa/5",
        "ExtraPlanets:tile.ganymede/3",
        "ExtraPlanets:tile.ganymede/4",
        "ExtraPlanets:tile.ganymede/5",
        "ExtraPlanets:tile.io/3",
        "ExtraPlanets:tile.io/4",
        "ExtraPlanets:tile.io/5",
        "ExtraPlanets:tile.jupiter/3",
        "ExtraPlanets:tile.jupiter/4",
        "ExtraPlanets:tile.jupiter/5",
        "ExtraPlanets:tile.jupiter/6",
        "ExtraPlanets:tile.jupiter/7",
        "ExtraPlanets:tile.jupiter/10",
        "ExtraPlanets:tile.kepler22b/2",
        "ExtraPlanets:tile.kepler22b/3",
        "ExtraPlanets:tile.kepler22b/4",
        "ExtraPlanets:tile.kepler22b/5",
        "ExtraPlanets:tile.kepler22b/6",
        "ExtraPlanets:tile.kepler22b/7",
        "ExtraPlanets:tile.kepler22b/8",
        "ExtraPlanets:tile.kepler22b/9",
        "ExtraPlanets:tile.kepler22b/10",
        "ExtraPlanets:tile.mercury/3",
        "ExtraPlanets:tile.mercury/4",
        "ExtraPlanets:tile.mercury/5",
        "ExtraPlanets:tile.mercury/6",
        "ExtraPlanets:tile.neptune/3",
        "ExtraPlanets:tile.neptune/4",
        "ExtraPlanets:tile.neptune/5",
        "ExtraPlanets:tile.neptune/6",
        "ExtraPlanets:tile.neptune/9",
        "ExtraPlanets:tile.phobos/3",
        "ExtraPlanets:tile.phobos/4",
        "ExtraPlanets:tile.phobos/5",
        "ExtraPlanets:tile.phobos/6",
        "ExtraPlanets:tile.pluto/3",
        "ExtraPlanets:tile.pluto/4",
        "ExtraPlanets:tile.pluto/5",
        "ExtraPlanets:tile.pluto/6",
        "ExtraPlanets:tile.rhea/3",
        "ExtraPlanets:tile.rhea/4",
        "ExtraPlanets:tile.rhea/5",
        "ExtraPlanets:tile.saturn/3",
        "ExtraPlanets:tile.saturn/4",
        "ExtraPlanets:tile.saturn/5",
        "ExtraPlanets:tile.saturn/6",
        "ExtraPlanets:tile.titan/3",
        "ExtraPlanets:tile.titan/4",
        "ExtraPlanets:tile.titan/5",
        "ExtraPlanets:tile.triton/3",
        "ExtraPlanets:tile.triton/4",
        "ExtraPlanets:tile.triton/5",
        "ExtraPlanets:tile.uranus/3",
        "ExtraPlanets:tile.uranus/6",
        "ExtraPlanets:tile.venus/3",
        "ExtraPlanets:tile.venus/4",
        "ExtraPlanets:tile.venus/5",
        "ExtraPlanets:tile.venus/6",
        "ExtraPlanets:titania/3",
        "ExtraPlanets:titania/4",
        "ExtraPlanets:titania/5",
        "GalacticraftCore:tile.gcBlockCore/5",
        "GalacticraftCore:tile.gcBlockCore/6",
        "GalacticraftCore:tile.gcBlockCore/7",
        "GalacticraftCore:tile.gcBlockCore/8",
        "GalacticraftCore:tile.moonBlock/0",
        "GalacticraftCore:tile.moonBlock/1",
        "GalacticraftCore:tile.moonBlock/2",
        "GalacticraftMars:tile.asteroidsBlock/3",
        "GalacticraftMars:tile.asteroidsBlock/4",
        "GalacticraftMars:tile.asteroidsBlock/5",
        "GalacticraftMars:tile.mars/0",
        "GalacticraftMars:tile.mars/1",
        "GalacticraftMars:tile.mars/2",
        "GalacticraftMars:tile.mars/3",
        "IC2:blockOreCopper/0",
        "IC2:blockOreLead/0",
        "IC2:blockOreTin/0",
        "IC2:blockOreUran/0",
        "Mekanism:OreBlock/0",
        "Mekanism:OreBlock/1",
        "Mekanism:OreBlock/2",
        "NetherOres:tile.netherores.ore.0/0",
        "NetherOres:tile.netherores.ore.0/1",
        "NetherOres:tile.netherores.ore.0/2",
        "NetherOres:tile.netherores.ore.0/3",
        "NetherOres:tile.netherores.ore.0/4",
        "NetherOres:tile.netherores.ore.0/5",
        "NetherOres:tile.netherores.ore.0/6",
        "NetherOres:tile.netherores.ore.0/7",
        "NetherOres:tile.netherores.ore.0/8",
        "NetherOres:tile.netherores.ore.0/9",
        "NetherOres:tile.netherores.ore.0/10",
        "NetherOres:tile.netherores.ore.0/11",
        "NetherOres:tile.netherores.ore.0/12",
        "NetherOres:tile.netherores.ore.0/13",
        "NetherOres:tile.netherores.ore.0/14",
        "NetherOres:tile.netherores.ore.0/15",
        "NetherOres:tile.netherores.ore.1/0",
        "NetherOres:tile.netherores.ore.1/1",
        "NetherOres:tile.netherores.ore.1/2",
        "NetherOres:tile.netherores.ore.1/3",
        "NetherOres:tile.netherores.ore.1/4",
        "NetherOres:tile.netherores.ore.1/5",
        "NetherOres:tile.netherores.ore.1/6",
        "NetherOres:tile.netherores.ore.1/7",
        "NetherOres:tile.netherores.ore.1/8",
        "NetherOres:tile.netherores.ore.1/9",
        "NetherOres:tile.netherores.ore.1/10",
        "NetherOres:tile.netherores.ore.1/11",
        "NetherOres:tile.netherores.ore.1/12",
        "NetherOres:tile.netherores.ore.1/13",
        "NetherOres:tile.netherores.ore.1/14",
        "NetherOres:tile.netherores.ore.1/15",
        "TConstruct:GravelOre/0",
        "TConstruct:GravelOre/1",
        "TConstruct:GravelOre/2",
        "TConstruct:GravelOre/3",
        "TConstruct:GravelOre/4",
        "TConstruct:GravelOre/5",
        "TConstruct:SearedBrick/1",
        "TConstruct:SearedBrick/2",
        "TConstruct:SearedBrick/3",
        "TConstruct:SearedBrick/4",
        "TConstruct:SearedBrick/5",
        "TConstruct:ore.berries.one/0",
        "TConstruct:ore.berries.one/1",
        "TConstruct:ore.berries.one/2",
        "TConstruct:ore.berries.one/3",
        "TConstruct:ore.berries.two/0",
        "TConstruct:ore.berries.two/1",
        "Thaumcraft:blockCustomOre/0",
        "Thaumcraft:blockCustomOre/1",
        "Thaumcraft:blockCustomOre/2",
        "Thaumcraft:blockCustomOre/3",
        "Thaumcraft:blockCustomOre/4",
        "Thaumcraft:blockCustomOre/5",
        "Thaumcraft:blockCustomOre/6",
        "Thaumcraft:blockCustomOre/7",
        "ThermalFoundation:Ore/0",
        "ThermalFoundation:Ore/1",
        "ThermalFoundation:Ore/2",
        "ThermalFoundation:Ore/3",
        "ThermalFoundation:Ore/4",
        "ThermalFoundation:Ore/5",
        "ThermalFoundation:Ore/6",
        "appliedenergistics2:tile.OreQuartz/0",
        "appliedenergistics2:tile.OreQuartzCharged/0",
        "erebus:oreCoal/0",
        "erebus:oreDiamond/0",
        "erebus:oreEmerald/0",
        "erebus:oreEncrustedDiamond/0",
        "erebus:oreFossil/0",
        "erebus:oreGneiss/0",
        "erebus:oreGold/0",
        "erebus:oreIron/0",
        "erebus:oreJade/0",
        "erebus:oreLapis/0",
        "erebus:orePetrifiedWood/0",
        "erebus:oreQuartz/0",
        "magicalcrops:magicalcrops_MinicioOre/0",
        "minecraft:coal_ore",
        "minecraft:cobblestone_wall",
        "minecraft:diamond_ore",
        "minecraft:emerald_ore",
        "minecraft:glowstone",
        "minecraft:gold_ore",
        "minecraft:iron_ore",
        "minecraft:lapis_ore",
        "minecraft:lit_redstone_ore",
        "minecraft:mossy_cobblestone",
        "minecraft:nether_brick_fence",
        "minecraft:obsidian",
        "minecraft:quartz_ore",
        "minecraft:redstone_ore",
        "nifty:OreAluminum/0",
        "nifty:OreCopper/0",
        "nifty:OreRuby/0",
        "nifty:OreSilicon/0",
        "nifty:OreTin/0",
        "voltzengine:veGemOre/0",
        "voltzengine:veGemOre/1",
        "voltzengine:veGemOre/2",
        "voltzengine:veGemOre/3",
        "voltzengine:veGemOre/4",
        "voltzengine:veGemOre/5",
        "voltzengine:veGemOre/6",
        "voltzengine:veGemOre/7",
        "voltzengine:veStoneOre/0",
        "voltzengine:veStoneOre/1",
        "voltzengine:veStoneOre/2",
        "voltzengine:veStoneOre/3",
        "voltzengine:veStoneOre/4",
        "voltzengine:veStoneOre/5",
        "voltzengine:veStoneOre/6",
        "voltzengine:veStoneOre/7",
        "voltzengine:veStoneOre/8",
        "voltzengine:veStoneOre/9"
      ]
    },
    "shears": {
      "name": "Shears",
      "icon": "minecraft:shears",
      "toollist": [
        "BiomesOPlenty:scytheAmethyst",
        "BiomesOPlenty:scytheDiamond",
        "BiomesOPlenty:scytheGold",
        "BiomesOPlenty:scytheIron",
        "BiomesOPlenty:scytheMud",
        "BiomesOPlenty:scytheStone",
        "BiomesOPlenty:scytheWood",
        "IC2:itemToolBronzeHoe",
        "minecraft:shears"
      ],
      "blocklist": [
        "BiomesOPlenty:appleLeaves",
        "BiomesOPlenty:colorizedLeaves1",
        "BiomesOPlenty:colorizedLeaves2",
        "BiomesOPlenty:leaves1",
        "BiomesOPlenty:leaves2",
        "BiomesOPlenty:leaves3",
        "BiomesOPlenty:leaves4",
        "BiomesOPlenty:persimmonLeaves",
        "IC2:blockRubLeaves",
        "TwilightForest:tile.TFLeaves",
        "TwilightForest:tile.TFMagicLeaves",
        "erebus:leavesAsper/0",
        "erebus:leavesBaobab/0",
        "erebus:leavesCypress/0",
        "erebus:leavesEucalyptus/0",
        "erebus:leavesMahogany/0",
        "erebus:leavesMarshwood/0",
        "erebus:leavesMossbark/0",
        "erebus:leavesSap/0",
        "minecraft:deadbush",
        "minecraft:leaves",
        "minecraft:leaves2",
        "minecraft:tallgrass",
        "minecraft:vine",
        "minecraft:web",
        "minecraft:wool"
      ]
    },
    "shovel": {
      "name": "Shovel",
      "icon": "minecraft:diamond_shovel",
      "toollist": [
        "BiomesOPlenty:shovelAmethyst",
        "BiomesOPlenty:shovelMud",
        "IC2:itemToolBronzeSpade",
        "TConstruct:mattock",
        "TConstruct:shovel",
        "appliedenergistics2:item.ToolCertusQuartzSpade",
        "appliedenergistics2:item.ToolNetherQuartzSpade",
        "minecraft:diamond_shovel",
        "minecraft:golden_shovel",
        "minecraft:iron_shovel",
        "minecraft:stone_shovel",
        "minecraft:wooden_shovel"
      ],
      "blocklist": [
        "minecraft:clay",
        "minecraft:gravel"
      ]
    }
  }
}